{"loss": [3.392725944519043, 3.2790884971618652, 3.2580790519714355, 3.239091634750366, 3.2171905040740967], "accuracy": [0.12340561300516129, 0.14190050959587097, 0.15146683156490326, 0.15816326439380646, 0.16167092323303223], "val_loss": [3.2615082263946533, 3.2397654056549072, 3.232362985610962, 3.2186975479125977, 3.2118117809295654], "val_accuracy": [0.1510416716337204, 0.1627604216337204, 0.1549479216337204, 0.16796875, 0.16796875]}